x,y
-2.57576,-4.08471
-1.46465,-0.62533
-2.47475,-1.78064
-3.68687,-2.93123
3.08081,3.09986
-2.17172,-1.86467
-2.07071,-0.84813
1.26263,0.90977
4.69697,6.18367
-4.79798,-6.29033
2.67677,3.01172
2.17172,2.74957
2.77778,2.67797
-1.26263,-1.58197
0.05051,0.29832
0.15152,0.17832
0.25253,1.26536
0.75758,1.29184
0.9596,1.75679
4.59596,5.76211
